{"cameraMode":{"drawMode":0,"name":"Shaded","section":"Shading Mode"},"sceneLighting":true,"audioPlay":false,"sceneViewState":{"m_AlwaysRefresh":false,"showFog":true,"showSkybox":true,"showFlares":true,"showImageEffects":true,"showParticleSystems":true,"showVisualEffectGraphs":true,"m_FxEnabled":true},"in2DMode":false,"pivot":{"x":-277.2765808105469,"y":-155.20355224609376,"z":-7.330883979797363},"rotation":{"x":-0.07773254066705704,"y":0.003088488010689616,"z":-0.00023048798902891576,"w":-0.9969938397407532},"size":1.1444138288497925,"orthographic":false}